fecha,t_min_media,t_min_minima,t_prom_media,hdd_semana,heladas,precip_total,enso,rendimiento_usd,perdida_pct,deficit_temp
2015-01-04,11.265,9.78,15.2425,0.0,0,20.060000000000002,0.23424999999999999,16455.51,-2.85,1.2650000000000006
2015-01-11,8.205714285714285,3.45,11.955714285714285,2.9887,0,30.6,0.14285714285714285,15762.55,1.48,-1.7942857142857154
2015-01-18,9.947142857142856,7.11,13.962857142857143,0.0,0,13.76,0.15071428571428572,16732.84,-4.58,-0.05285714285714427
2015-01-25,8.394285714285713,4.97,12.468571428571428,1.0919,0,53.15,0.214,17976.89,-12.36,-1.6057142857142868
2015-02-01,5.394285714285715,1.88,9.945714285714287,6.1793,1,31.24,0.2822857142857143,14213.55,11.17,-4.605714285714285
2015-02-08,6.477142857142858,4.52,11.129999999999999,1.6885,0,21.240000000000002,0.31071428571428567,15707.76,1.83,-3.5228571428571422
2015-02-15,9.137142857142857,7.74,13.728571428571428,0.0,0,32.33,0.31542857142857145,17722.77,-10.77,-0.862857142857143
2015-02-22,6.854285714285714,2.98,11.145714285714286,3.6312,0,30.51,0.3338571428571429,17272.37,-7.95,-3.145714285714286
2015-03-01,10.824285714285713,9.12,15.198571428571428,0.0,0,19.28,0.334,16037.83,-0.24,0.824285714285713
2015-03-08,8.381428571428572,4.92,12.530000000000001,1.252,0,24.22,0.3645714285714286,16433.11,-2.71,-1.6185714285714283
2015-03-15,5.501428571428571,3.21,10.175714285714287,5.1315,0,4.38,0.3918571428571429,15113.83,5.54,-4.498571428571429
2015-03-22,8.121428571428572,6.07,12.642857142857142,0.0,0,9.67,0.4167142857142857,15094.4,5.66,-1.8785714285714281
2015-03-29,9.092857142857143,7.66,13.388571428571428,0.0,0,14.91,0.4382857142857143,15732.38,1.67,-0.9071428571428566
2015-04-05,9.584285714285715,8.25,14.388571428571428,0.0,0,25.21,0.45528571428571435,13428.8,16.07,-0.4157142857142855
2015-04-12,5.782857142857142,3.8,10.11,6.1513,0,11.190000000000001,0.4878571428571429,12080.41,24.5,-4.217142857142858
2015-04-19,6.658571428571428,3.74,11.008571428571429,2.1771,0,49.03,0.5001428571428571,13443.31,15.98,-3.3414285714285716
2015-04-26,6.640000000000001,4.88,11.034285714285714,1.1777,0,14.23,0.5178571428571429,13441.59,15.99,-3.3599999999999994
2015-05-03,8.824285714285715,5.72,13.015714285714285,0.0,0,14.48,0.5435714285714286,15084.54,5.72,-1.1757142857142853
2015-05-10,9.052857142857142,5.31,13.751428571428571,0.1516,0,24.55,0.5498571428571429,14302.38,10.61,-0.9471428571428575
2015-05-17,6.792857142857144,2.01,11.075714285714286,4.827,0,59.95,0.5547142857142858,12952.44,19.05,-3.2071428571428564
2015-05-24,11.501428571428573,8.95,15.712857142857143,0.0,0,29.66,0.5564285714285715,16387.93,-2.42,1.5014285714285727
2015-05-31,12.421428571428573,11.25,16.61285714285714,0.0,0,14.290000000000001,0.5650000000000001,15714.87,1.78,2.4214285714285726
2015-06-07,15.337142857142856,14.17,19.09857142857143,0.0,0,22.9,0.5785714285714285,15758.13,1.51,5.337142857142856
2015-06-14,9.43142857142857,5.69,13.448571428571428,0.496,0,49.510000000000005,0.594,13939.12,12.88,-0.5685714285714294
2015-06-21,11.18857142857143,5.36,14.89,1.5115,0,33.63,0.6111428571428571,14103.53,11.85,1.1885714285714304
2015-06-28,13.224285714285713,10.44,16.592857142857145,0.0,0,58.81,0.6122857142857142,15135.15,5.41,3.2242857142857133
2015-07-05,10.587142857142856,9.05,14.517142857142858,0.0,0,18.84,0.6244285714285714,14020.28,12.37,0.5871428571428563
2015-07-12,11.39857142857143,9.3,14.825714285714286,0.0,0,30.15,0.6332857142857142,15348.59,4.07,1.3985714285714295
2015-07-19,13.732857142857142,8.98,17.047142857142855,0.0,0,5.17,0.652,14765.89,7.71,3.732857142857142
2015-07-26,13.615714285714287,9.93,17.095714285714287,0.0,0,33.82,0.6577142857142857,14876.03,7.02,3.6157142857142865
2015-08-02,9.602857142857143,7.67,12.87857142857143,0.0,0,61.74,0.6614285714285714,14552.89,9.04,-0.3971428571428568
2015-08-09,7.632857142857143,5.04,11.001428571428573,4.0710999999999995,0,24.32,0.6644285714285714,17005.42,-6.28,-2.3671428571428574
2015-08-16,8.997142857142858,6.25,12.495714285714286,0.0,0,5.35,0.6692857142857144,16369.79,-2.31,-1.0028571428571418
2015-08-23,6.551428571428572,4.69,10.084285714285715,4.561,0,20.25,0.6638571428571429,14291.86,10.68,-3.4485714285714284
2015-08-30,9.544285714285715,6.43,13.152857142857142,0.0158,0,35.86,0.6794285714285715,16163.09,-1.02,-0.45571428571428463
2015-09-06,10.975714285714286,8.62,13.801428571428572,0.0,0,25.05,0.6868571428571428,14380.31,10.12,0.975714285714286
2015-09-13,10.748571428571429,7.76,13.691428571428572,0.0,0,13.33,0.7011428571428571,15286.54,4.46,0.7485714285714291
2015-09-20,9.468571428571428,7.77,12.551428571428572,0.1813,0,11.719999999999999,0.715,13072.24,18.3,-0.531428571428572
2015-09-27,9.56,8.15,12.888571428571428,0.0,0,18.63,0.7114285714285714,12861.81,19.61,-0.4399999999999995
2015-10-04,9.322857142857144,5.32,12.537142857142857,0.2473,0,6.59,0.7034285714285714,14573.06,8.92,-0.6771428571428562
2015-10-11,7.152857142857143,4.28,10.51142857142857,4.0283999999999995,0,42.0,0.7235714285714285,15666.86,2.08,-2.847142857142857
2015-10-18,6.602857142857142,4.87,9.92,2.9503,0,10.149999999999999,0.7387142857142858,15711.18,1.81,-3.3971428571428577
2015-10-25,4.932857142857143,1.11,8.17,15.3473,2,23.09,0.7538571428571429,10686.72,33.21,-5.067142857142857
2015-11-01,2.027142857142857,-4.86,5.421428571428572,32.0524,3,7.229999999999999,0.7521428571428571,7082.53,55.73,-7.972857142857142
2015-11-08,7.822857142857143,3.83,11.427142857142856,3.231,0,17.52,0.7447142857142858,13350.53,16.56,-2.177142857142857
2015-11-15,8.167142857142858,5.54,11.56,0.5711,0,14.469999999999999,0.734,13779.64,13.88,-1.8328571428571419
2015-11-22,7.621428571428572,5.95,11.222857142857142,0.7859,0,14.09,0.7344285714285714,14160.64,11.5,-2.378571428571428
2015-11-29,8.515714285714285,6.19,12.12857142857143,0.4708,0,10.79,0.7125714285714285,16201.63,-1.26,-1.4842857142857149
2015-12-06,5.1971428571428575,2.66,8.605714285714287,12.7863,0,11.32,0.7054285714285714,15203.38,4.98,-4.8028571428571425
2015-12-13,9.365714285714287,5.93,13.42,0.8035,0,16.27,0.6885714285714286,13723.98,14.23,-0.6342857142857135
2015-12-20,10.265714285714285,7.82,14.251428571428573,0.0,0,10.2,0.6808571428571428,15172.82,5.17,0.2657142857142851
2015-12-27,6.405714285714287,4.74,9.967142857142857,3.7736,0,28.16,0.6687142857142857,14627.52,8.58,-3.5942857142857134
2016-01-03,8.707142857142857,6.18,12.691428571428572,0.7846,0,25.38,0.6435714285714286,14442.14,9.74,-1.2928571428571427
2016-01-10,9.61,6.85,13.415714285714285,0.0,0,14.61,0.6334285714285715,15856.69,0.9,-0.39000000000000057
2016-01-17,11.70857142857143,8.86,15.732857142857142,0.0,0,22.3,0.6352857142857143,16962.56,-6.02,1.70857142857143
2016-01-24,8.048571428571428,3.69,12.124285714285715,5.0829,0,27.179999999999996,0.6232857142857142,16916.2,-5.73,-1.951428571428572
2016-01-31,5.201428571428571,3.03,8.872857142857143,12.7085,0,27.12,0.6075714285714285,14323.17,10.48,-4.798571428571429
2016-02-07,7.835714285714286,4.41,11.955714285714285,2.3485,0,68.09,0.5977142857142858,14966.27,6.46,-2.1642857142857137
2016-02-14,8.638571428571428,5.51,12.828571428571427,0.2114,0,35.5,0.5954285714285714,15808.32,1.2,-1.361428571428572
2016-02-21,8.19,3.65,12.597142857142858,2.924,0,15.16,0.595,16647.71,-4.05,-1.8100000000000005
2016-02-28,9.874285714285715,4.46,14.185714285714285,0.9067,0,35.519999999999996,0.5931428571428572,15556.0,2.78,-0.12571428571428456
2016-03-06,7.034285714285715,1.84,11.784285714285714,5.0535,1,12.290000000000001,0.5808571428571428,13194.18,17.54,-2.9657142857142853
2016-03-13,10.735714285714286,8.89,15.200000000000001,0.0,0,17.509999999999998,0.5634285714285714,14231.85,11.05,0.7357142857142858
2016-03-20,8.93,6.39,13.48,0.0,0,18.759999999999998,0.5584285714285715,13585.95,15.09,-1.0700000000000003
2016-03-27,6.702857142857143,1.02,11.427142857142856,4.9426,1,9.35,0.5427142857142858,13493.74,15.66,-3.297142857142857
2016-04-03,5.3342857142857145,2.33,9.804285714285713,5.6926000000000005,0,26.73,0.527,16845.19,-5.28,-4.6657142857142855
2016-04-10,5.8028571428571425,2.78,10.299999999999999,4.0047999999999995,0,16.17,0.5211428571428571,16000.86,-0.01,-4.1971428571428575
2016-04-17,7.031428571428571,4.75,11.448571428571428,0.9554,0,18.189999999999998,0.5081428571428571,17112.42,-6.95,-2.968571428571429
2016-04-24,6.338571428571428,3.31,10.37857142857143,5.1567,0,10.79,0.48771428571428566,16377.35,-2.36,-3.661428571428572
2016-05-01,8.758571428571429,6.43,12.918571428571429,0.0,0,38.24,0.4827142857142857,15434.96,3.53,-1.241428571428571
2016-05-08,8.815714285714286,5.67,13.018571428571429,0.0615,0,39.18,0.4751428571428571,16019.43,-0.12,-1.1842857142857142
2016-05-15,9.177142857142856,7.44,13.387142857142859,0.0,0,40.87,0.46,17709.03,-10.68,-0.8228571428571438
2016-05-22,11.624285714285715,7.25,15.895714285714288,0.0,0,46.22,0.42657142857142855,16594.33,-3.71,1.6242857142857154
2016-05-29,12.165714285714285,9.27,16.445714285714285,0.0,0,44.79,0.4137142857142857,18011.97,-12.57,2.1657142857142855
2016-06-05,7.817142857142857,6.53,11.594285714285714,0.0,0,33.72,0.40485714285714286,13630.48,14.81,-2.1828571428571433
2016-06-12,8.601428571428572,4.11,12.552857142857144,2.0417,0,19.4,0.4045714285714285,15613.02,2.42,-1.3985714285714277
2016-06-19,8.614285714285714,7.76,12.521428571428572,0.0,0,18.04,0.39514285714285713,15880.56,0.75,-1.3857142857142861
2016-06-26,13.838571428571429,9.63,17.51142857142857,0.0,0,31.2,0.376,15468.53,3.32,3.838571428571429
2016-07-03,13.021428571428572,11.11,17.038571428571426,0.0,0,29.72,0.3638571428571428,15754.16,1.54,3.0214285714285722
2016-07-10,16.762857142857143,14.9,20.745714285714286,0.0,0,42.94,0.3455714285714286,13395.19,16.28,6.762857142857143
2016-07-17,15.018571428571429,11.9,18.50714285714286,0.0,0,9.84,0.3292857142857143,14459.96,9.63,5.018571428571429
2016-07-24,12.375714285714285,9.38,16.05,0.0,0,9.86,0.3172857142857143,15634.05,2.29,2.3757142857142846
2016-07-31,10.620000000000001,4.9,13.807142857142859,0.9279,0,23.16,0.29742857142857143,17437.14,-8.98,0.620000000000001
2016-08-07,9.522857142857143,5.38,12.752857142857142,2.5342000000000002,0,26.58,0.27085714285714285,15762.66,1.48,-0.47714285714285687
2016-08-14,13.578571428571427,11.83,16.827142857142857,0.0,0,30.52,0.254,14940.67,6.62,3.5785714285714274
2016-08-21,12.481428571428571,8.34,15.642857142857142,0.0,0,23.21,0.23700000000000002,14847.57,7.2,2.4814285714285713
2016-08-28,12.897142857142857,11.89,16.204285714285714,0.0,0,38.28,0.21185714285714288,16516.77,-3.23,2.897142857142857
2016-09-04,9.947142857142856,6.99,12.934285714285716,0.011,0,21.240000000000002,0.1822857142857143,16573.94,-3.59,-0.05285714285714427
2016-09-11,8.231428571428571,5.82,11.491428571428571,1.3635,0,18.37,0.16528571428571429,15457.13,3.39,-1.7685714285714287
2016-09-18,13.09142857142857,7.72,15.897142857142857,0.0,0,17.66,0.1397142857142857,16384.58,-2.4,3.0914285714285707
2016-09-25,9.745714285714286,7.11,12.834285714285715,0.0,0,17.42,0.119,16255.88,-1.6,-0.25428571428571445
2016-10-02,9.79857142857143,3.72,13.114285714285714,2.9383,0,12.510000000000002,0.09314285714285715,17004.01,-6.28,-0.20142857142857018
2016-10-09,13.955714285714285,10.75,17.094285714285714,0.0,0,36.01,0.0662857142857143,15707.11,1.83,3.9557142857142846
2016-10-16,9.877142857142857,5.32,13.191428571428572,0.7648,0,15.13,0.05128571428571428,15397.12,3.77,-0.12285714285714278
2016-10-23,3.71,-0.32,7.37,21.4012,2,25.15,0.031285714285714285,9863.4,38.35,-6.29
2016-10-30,7.622857142857143,4.26,10.881428571428572,2.6733,0,27.27,-0.019,13702.13,14.36,-2.3771428571428572
2016-11-06,10.262857142857143,8.39,13.472857142857142,0.0,0,22.46,-0.05357142857142857,15423.55,3.6,0.26285714285714334
2016-11-13,7.902857142857143,4.74,11.304285714285713,0.9054,0,21.25,-0.07914285714285715,15976.91,0.14,-2.097142857142857
2016-11-20,6.159999999999999,2.14,9.765714285714285,6.9561,0,12.34,-0.10099999999999999,15439.11,3.51,-3.8400000000000007
2016-11-27,7.865714285714286,4.37,11.11,2.7429,0,49.65,-0.12014285714285713,15499.02,3.13,-2.1342857142857143
2016-12-04,5.335714285714286,0.92,9.084285714285715,12.1327,1,20.16,-0.13957142857142857,11349.75,29.06,-4.664285714285714
2016-12-11,5.998571428571429,3.81,9.667142857142858,7.7456,0,13.899999999999999,-0.16414285714285715,14018.31,12.39,-4.001428571428571
2016-12-18,8.224285714285715,6.42,11.914285714285715,0.0,0,9.85,-0.17471428571428568,14993.25,6.29,-1.775714285714285
2016-12-25,9.024285714285714,6.83,13.04857142857143,0.0,0,23.39,-0.18414285714285714,14584.23,8.85,-0.975714285714286
2017-01-01,8.917142857142858,5.98,12.85,0.3607,0,29.54,-0.20557142857142857,15138.7,5.38,-1.0828571428571419
2017-01-08,5.090000000000001,-0.72,9.102857142857143,10.616,1,21.95,-0.23214285714285715,13408.71,16.2,-4.909999999999999
2017-01-15,9.23,7.95,13.291428571428572,0.0,0,27.169999999999998,-0.26742857142857146,18313.41,-14.46,-0.7699999999999996
2017-01-22,8.735714285714286,5.06,12.930000000000001,0.4183,0,29.630000000000003,-0.2934285714285714,17214.97,-7.59,-1.2642857142857142
2017-01-29,13.772857142857143,10.37,18.152857142857144,0.0,0,17.33,-0.3141428571428571,16871.8,-5.45,3.772857142857143
2017-02-05,12.657142857142857,9.41,16.992857142857144,0.0,0,7.75,-0.3345714285714286,16302.97,-1.89,2.6571428571428566
2017-02-12,7.131428571428572,5.05,11.855714285714287,0.0445,0,20.38,-0.3517142857142857,13830.03,13.56,-2.8685714285714283
2017-02-19,6.927142857142857,0.96,11.491428571428571,5.2984,1,25.119999999999997,-0.3538571428571428,12743.04,20.36,-3.072857142857143
2017-02-26,4.535714285714286,-4.12,9.24,20.906299999999998,3,42.92,-0.3568571428571428,8442.27,47.24,-5.464285714285714
2017-03-05,9.107142857142858,6.44,13.598571428571429,0.0,0,15.629999999999999,-0.3692857142857143,18784.58,-17.4,-0.8928571428571423
2017-03-12,9.602857142857143,8.37,14.022857142857143,0.0,0,18.5,-0.38042857142857145,17022.23,-6.39,-0.3971428571428568
2017-03-19,5.795714285714285,4.47,10.507142857142856,2.8133,0,44.16,-0.4027142857142857,16582.73,-3.64,-4.204285714285715
2017-03-26,7.961428571428572,5.47,12.637142857142857,0.3446,0,6.96,-0.4267142857142857,16298.89,-1.87,-2.0385714285714283
2017-04-02,5.758571428571429,3.34,10.032857142857143,5.5837,0,30.29,-0.4335714285714286,14270.65,10.81,-4.241428571428571
2017-04-09,7.701428571428571,6.52,12.124285714285715,0.0,0,10.59,-0.4478571428571429,16806.76,-5.04,-2.298571428571429
2017-04-16,8.935714285714285,6.77,13.528571428571428,0.0,0,36.28,-0.47657142857142853,17265.36,-7.91,-1.064285714285715
2017-04-23,12.838571428571429,10.42,17.771428571428572,0.0,0,67.87,-0.5,17518.65,-9.49,2.838571428571429
2017-04-30,11.045714285714284,9.82,15.572857142857142,0.0,0,17.42,-0.5148571428571429,15592.13,2.55,1.0457142857142845
2017-05-07,13.055714285714286,10.97,16.96,0.0,0,22.1,-0.5331428571428571,17499.81,-9.37,3.055714285714286
2017-05-14,9.09,6.03,13.417142857142858,0.0,0,16.48,-0.5268571428571429,14992.69,6.3,-0.9100000000000001
2017-05-21,8.564285714285715,6.39,12.522857142857143,0.0,0,15.86,-0.5457142857142857,16250.94,-1.57,-1.435714285714285
2017-05-28,6.908571428571428,4.44,11.134285714285713,1.9426,0,41.38,-0.5591428571428572,18576.35,-16.1,-3.0914285714285716
2017-06-04,9.535714285714286,6.27,13.744285714285713,0.0,0,46.0,-0.582,16045.02,-0.28,-0.4642857142857135
2017-06-11,10.707142857142857,6.84,14.744285714285715,0.0,0,63.35,-0.5895714285714285,15340.7,4.12,0.7071428571428573
2017-06-18,13.66,12.48,17.837142857142858,0.0,0,19.83,-0.6105714285714285,15822.9,1.11,3.66
2017-06-25,13.284285714285714,10.63,17.201428571428572,0.0,0,16.3,-0.6145714285714285,15316.13,4.27,3.284285714285714
2017-07-02,14.51142857142857,12.06,17.834285714285716,0.0,0,38.94,-0.6312857142857143,13831.46,13.55,4.511428571428571
2017-07-09,9.754285714285714,6.67,13.18142857142857,0.0,0,13.14,-0.6290000000000001,15106.43,5.58,-0.24571428571428555
2017-07-16,11.982857142857142,9.79,15.702857142857143,0.0,0,29.01,-0.6402857142857143,14323.13,10.48,1.9828571428571422
2017-07-23,12.401428571428571,10.09,15.512857142857143,0.0,0,10.92,-0.6412857142857142,15813.72,1.16,2.4014285714285712
2017-07-30,15.1,10.01,18.565714285714286,0.0,0,20.74,-0.6432857142857143,14812.86,7.42,5.1
2017-08-06,12.02,8.73,15.190000000000001,0.0,0,8.92,-0.6514285714285715,17325.71,-8.29,2.0199999999999996
2017-08-13,11.458571428571428,9.36,15.205714285714285,0.0,0,7.99,-0.6524285714285715,15656.67,2.15,1.4585714285714282
2017-08-20,14.924285714285714,10.54,18.172857142857143,0.0,0,25.76,-0.6701428571428573,15459.03,3.38,4.924285714285714
2017-08-27,13.75,10.15,16.77,0.0,0,13.540000000000001,-0.6915714285714285,16732.78,-4.58,3.75
2017-09-03,10.138571428571428,8.79,13.435714285714285,0.0,0,11.56,-0.6902857142857143,14852.71,7.17,0.1385714285714279
2017-09-10,10.974285714285713,7.93,14.438571428571427,0.0,0,11.219999999999999,-0.6887142857142857,15756.67,1.52,0.9742857142857133
2017-09-17,12.79857142857143,9.82,16.04,0.0,0,4.54,-0.6821428571428572,17459.07,-9.12,2.79857142857143
2017-09-24,11.525714285714287,8.05,14.835714285714285,0.0,0,20.08,-0.7024285714285714,14727.6,7.95,1.5257142857142867
2017-10-01,10.157142857142857,7.35,13.685714285714287,0.0,0,33.29,-0.7167142857142856,15648.98,2.19,0.15714285714285658
2017-10-08,12.462857142857144,9.66,15.577142857142857,0.0,0,67.56,-0.7317142857142857,16153.9,-0.96,2.4628571428571444
2017-10-15,9.971428571428572,7.32,13.195714285714287,0.0,0,32.86,-0.7231428571428571,17007.44,-6.3,-0.02857142857142847
2017-10-22,9.858571428571429,5.32,12.671428571428573,0.5607,0,15.48,-0.7185714285714285,14921.35,6.74,-0.14142857142857146
2017-10-29,10.182857142857143,5.27,13.178571428571429,1.2213,0,13.18,-0.7151428571428572,13847.7,13.45,0.18285714285714327
2017-11-05,2.81,-0.39,6.261428571428572,26.1631,3,21.93,-0.7264285714285714,8080.64,49.5,-7.1899999999999995
2017-11-12,6.6657142857142855,4.52,9.831428571428571,5.1423000000000005,0,15.48,-0.7185714285714285,15786.31,1.34,-3.3342857142857145
2017-11-19,7.95,5.59,11.662857142857144,0.5787,0,13.29,-0.7228571428571428,16351.94,-2.2,-2.05
2017-11-26,8.322857142857142,6.36,11.655714285714286,0.0118,0,40.1,-0.7084285714285714,16595.24,-3.72,-1.677142857142858
2017-12-03,4.5442857142857145,2.24,8.422857142857143,11.0414,0,45.400000000000006,-0.6982857142857143,14513.76,9.29,-5.4557142857142855
2017-12-10,5.8,4.14,9.384285714285713,6.4851,0,51.699999999999996,-0.6897142857142856,15481.0,3.24,-4.2
2017-12-17,2.891428571428571,-1.92,6.377142857142857,25.3527,3,17.73,-0.6881428571428572,8811.21,44.93,-7.1085714285714285
2017-12-24,6.784285714285715,2.91,10.790000000000001,3.4800999999999997,0,18.71,-0.6792857142857144,15011.76,6.18,-3.2157142857142853
2017-12-31,1.9714285714285715,-0.38,5.954285714285715,28.3143,3,74.33,-0.6717142857142857,10120.62,36.75,-8.028571428571428
2018-01-07,5.6657142857142855,4.33,9.598571428571429,4.2572,0,30.43,-0.6575714285714286,17074.04,-6.71,-4.3342857142857145
2018-01-14,7.352857142857142,4.87,11.124285714285715,1.2003,0,11.600000000000001,-0.662,15114.57,5.53,-2.6471428571428577
2018-01-21,3.437142857142857,0.09,7.857142857142857,16.8991,2,32.4,-0.6622857142857143,11398.91,28.76,-6.562857142857143
2018-01-28,7.948571428571428,3.18,11.962857142857143,4.5592,0,38.37,-0.6412857142857142,14638.75,8.51,-2.0514285714285716
2018-02-04,9.088571428571429,6.98,13.281428571428572,0.0,0,18.080000000000002,-0.6334285714285715,16506.33,-3.16,-0.911428571428571
2018-02-11,9.285714285714286,7.12,13.587142857142856,0.0,0,27.990000000000002,-0.6241428571428571,17618.16,-10.11,-0.7142857142857135
2018-02-18,5.418571428571428,2.5,10.0,4.3615,0,31.83,-0.6138571428571428,15372.63,3.92,-4.581428571428572
2018-02-25,5.3585714285714285,3.95,10.03,1.809,0,41.34,-0.6091428571428572,16886.8,-5.54,-4.6414285714285715
2018-03-04,4.148571428571429,1.9,8.84142857142857,10.145800000000001,1,34.58,-0.5921428571428571,14301.2,10.62,-5.851428571428571
2018-03-11,1.957142857142857,-1.44,6.465714285714285,24.7259,4,23.4,-0.5731428571428571,8118.39,49.26,-8.042857142857143
2018-03-18,7.741428571428571,5.95,12.20142857142857,0.2934,0,19.55,-0.5675714285714285,18890.25,-18.06,-2.258571428571429
2018-03-25,7.61,3.45,12.447142857142856,1.1964,0,15.420000000000002,-0.558,16915.68,-5.72,-2.3899999999999997
2018-04-01,7.832857142857143,5.67,12.405714285714286,0.0,0,16.69,-0.552,15553.33,2.79,-2.1671428571428573
2018-04-08,10.401428571428571,7.7,14.914285714285715,0.0,0,10.309999999999999,-0.5454285714285715,14731.58,7.93,0.40142857142857125
2018-04-15,9.748571428571427,7.46,14.069999999999999,0.0,0,35.14,-0.5271428571428572,14450.24,9.69,-0.25142857142857267
2018-04-22,7.115714285714286,3.81,11.042857142857143,3.1986,0,17.09,-0.5077142857142858,14938.2,6.64,-2.8842857142857143
2018-04-29,11.0,6.57,15.334285714285715,0.0,0,18.64,-0.4825714285714286,16053.92,-0.34,1.0
2018-05-06,10.945714285714287,9.61,15.6,0.0,0,16.22,-0.46,16356.29,-2.23,0.9457142857142866
2018-05-13,9.047142857142857,7.39,13.012857142857143,0.0,0,11.89,-0.4427142857142857,17152.95,-7.21,-0.9528571428571428
2018-05-20,11.194285714285714,7.97,15.301428571428572,0.0,0,20.25,-0.44085714285714284,16534.43,-3.34,1.194285714285714
2018-05-27,13.982857142857142,11.21,18.135714285714286,0.0,0,11.32,-0.41085714285714287,17984.73,-12.4,3.982857142857142
2018-06-03,7.26,2.69,11.23,7.059699999999999,0,14.63,-0.3982857142857143,15975.47,0.15,-2.74
2018-06-10,9.104285714285714,5.88,13.232857142857142,0.8175,0,28.55,-0.3844285714285714,19453.71,-21.59,-0.8957142857142859
2018-06-17,11.725714285714286,9.91,15.395714285714288,0.0,0,27.09,-0.35714285714285715,18336.24,-14.6,1.725714285714286
2018-06-24,12.305714285714286,9.58,15.934285714285712,0.0,0,15.17,-0.33842857142857147,16022.72,-0.14,2.305714285714286
2018-07-01,12.354285714285714,9.6,16.187142857142856,0.0,0,12.8,-0.34385714285714286,14725.15,7.97,2.354285714285714
2018-07-08,11.127142857142857,7.42,14.797142857142857,0.0,0,25.18,-0.3404285714285714,16005.29,-0.03,1.1271428571428572
2018-07-15,15.727142857142857,9.77,19.461428571428574,0.0,0,8.48,-0.304,15734.22,1.66,5.727142857142857
2018-07-22,5.701428571428571,2.72,9.185714285714285,10.1889,0,13.699999999999998,-0.2927142857142857,15871.14,0.81,-4.298571428571429
2018-07-29,14.73,8.07,18.24142857142857,0.0,0,30.11,-0.27514285714285713,16899.63,-5.62,4.73
2018-08-05,13.131428571428572,9.38,16.66,0.0,0,31.4,-0.24057142857142857,16317.44,-1.98,3.1314285714285717
2018-08-12,17.384285714285713,15.8,20.457142857142856,0.0,0,27.36,-0.22142857142857145,15126.69,5.46,7.3842857142857135
2018-08-19,14.682857142857143,12.09,18.31714285714286,0.0,0,31.83,-0.19485714285714287,13789.2,13.82,4.682857142857143
2018-08-26,13.421428571428573,10.16,16.517142857142858,0.0,0,21.259999999999998,-0.18085714285714286,14469.32,9.57,3.4214285714285726
2018-09-02,11.59142857142857,9.54,14.347142857142858,0.0,0,9.85,-0.15542857142857144,16338.87,-2.12,1.5914285714285707
2018-09-09,6.807142857142858,4.2,10.087142857142856,4.5196000000000005,0,23.75,-0.131,16025.24,-0.16,-3.192857142857142
2018-09-16,6.758571428571429,4.71,9.994285714285715,3.2809999999999997,0,42.6,-0.10828571428571429,14410.46,9.93,-3.241428571428571
2018-09-23,4.537142857142857,1.77,7.885714285714286,15.225100000000001,1,10.23,-0.06728571428571428,12523.89,21.73,-5.462857142857143
2018-09-30,10.31857142857143,5.93,13.641428571428571,0.0101,0,10.8,-0.05114285714285714,16289.63,-1.81,0.3185714285714294
2018-10-07,13.441428571428572,11.58,16.44,0.0,0,28.51,-0.027142857142857142,15070.09,5.81,3.441428571428572
2018-10-14,7.218571428571429,5.38,10.381428571428572,2.9745,0,7.43,-0.007571428571428571,15513.18,3.04,-2.781428571428571
2018-10-21,13.040000000000001,9.42,16.444285714285716,0.0,0,16.37,0.008285714285714285,15959.58,0.25,3.040000000000001
2018-10-28,11.507142857142856,8.56,14.825714285714286,0.0,0,17.37,0.02485714285714286,14597.57,8.77,1.5071428571428562
2018-11-04,9.524285714285714,7.11,13.202857142857143,0.0,0,35.09,0.04585714285714286,15777.45,1.39,-0.475714285714286
2018-11-11,7.075714285714286,2.53,10.544285714285715,4.8665,0,13.05,0.07185714285714286,16128.41,-0.8,-2.9242857142857144
2018-11-18,4.571428571428571,2.97,8.110000000000001,13.5456,0,6.13,0.09457142857142857,16354.87,-2.22,-5.428571428571429
2018-11-25,9.191428571428572,6.58,12.604285714285714,0.0,0,31.22,0.12085714285714287,17895.39,-11.85,-0.8085714285714278
2018-12-02,9.45142857142857,8.0,12.975714285714286,0.0,0,25.14,0.13214285714285715,15153.07,5.29,-0.5485714285714298
2018-12-09,5.274285714285715,2.13,9.035714285714286,12.574499999999999,0,27.09,0.1462857142857143,13372.57,16.42,-4.725714285714285
2018-12-16,7.8100000000000005,5.16,11.58,1.9851,0,52.47,0.1657142857142857,15688.01,1.95,-2.1899999999999995
2018-12-23,1.6099999999999999,-1.31,5.095714285714286,34.3341,4,17.59,0.16628571428571431,6378.65,60.13,-8.39
2018-12-30,9.34142857142857,7.58,13.107142857142858,0.0,0,16.98,0.15785714285714286,16791.91,-4.95,-0.6585714285714293
2019-01-06,9.687142857142858,6.51,13.69,0.0,0,29.88,0.18328571428571427,20912.29,-30.7,-0.3128571428571423
2019-01-13,8.518571428571429,6.63,12.357142857142858,0.0,0,20.28,0.2047142857142857,18822.26,-17.64,-1.4814285714285713
2019-01-20,9.082857142857142,4.95,13.35,1.0635,0,32.34,0.2245714285714286,18462.83,-15.39,-0.9171428571428581
2019-01-27,10.120000000000001,8.31,14.518571428571429,0.0,0,41.56,0.2524285714285714,18202.93,-13.77,0.120000000000001
2019-02-03,9.334285714285715,6.62,13.73,0.0,0,17.05,0.26342857142857146,17683.09,-10.52,-0.6657142857142855
2019-02-10,1.8242857142857143,-1.53,6.339999999999999,25.6261,3,55.44,0.28114285714285714,8703.29,45.6,-8.175714285714285
2019-02-17,3.487142857142857,0.86,7.867142857142857,14.924499999999998,1,46.75,0.29928571428571427,13865.2,13.34,-6.512857142857143
2019-02-24,6.61,4.5,11.008571428571429,0.5586,0,27.740000000000002,0.32357142857142857,15331.99,4.18,-3.3899999999999997
2019-03-03,7.241428571428571,6.59,11.637142857142857,0.0,0,25.27,0.3418571428571428,15318.83,4.26,-2.758571428571429
2019-03-10,8.568571428571428,5.55,12.811428571428573,0.0,0,17.45,0.37385714285714283,14979.02,6.38,-1.4314285714285724
2019-03-17,7.421428571428572,5.37,12.127142857142857,0.0931,0,8.49,0.41428571428571426,15483.27,3.23,-2.5785714285714283
2019-03-24,1.5742857142857143,-0.66,5.918571428571428,29.5735,4,23.6,0.4335714285714286,8686.59,45.71,-8.425714285714285
2019-03-31,7.7128571428571435,3.42,12.258571428571429,2.1578,0,36.6,0.44971428571428573,14503.26,9.35,-2.2871428571428565
2019-04-07,9.922857142857143,7.96,14.537142857142857,0.0,0,22.96,0.46871428571428575,16072.71,-0.45,-0.07714285714285651
2019-04-14,9.28,5.42,13.92,0.7175,0,20.79,0.48614285714285715,13871.34,13.3,-0.7200000000000006
2019-04-21,4.4557142857142855,1.79,9.095714285714285,10.4461,1,18.28,0.4911428571428571,11651.88,27.18,-5.5442857142857145
2019-04-28,6.204285714285715,4.31,10.657142857142857,0.7981,0,23.07,0.48514285714285715,16333.34,-2.08,-3.7957142857142854
2019-05-05,7.034285714285715,5.48,11.469999999999999,0.3213,0,32.42,0.4967142857142857,16063.31,-0.4,-2.9657142857142853
2019-05-12,9.138571428571428,5.78,13.221428571428573,0.0,0,35.24,0.515,14572.6,8.92,-0.8614285714285721
2019-05-19,11.799999999999999,7.91,15.9,0.0,0,18.13,0.5185714285714286,14327.21,10.45,1.799999999999999
2019-05-26,10.41,8.39,14.12857142857143,0.0,0,35.14,0.5532857142857143,15870.81,0.81,0.41000000000000014
2019-06-02,8.535714285714286,4.37,12.665714285714285,2.038,0,22.18,0.571,14698.98,8.13,-1.4642857142857135
2019-06-09,8.09142857142857,5.66,12.102857142857143,1.1903,0,9.83,0.5732857142857143,15461.27,3.37,-1.9085714285714293
2019-06-16,10.041428571428572,6.98,14.304285714285713,0.0,0,19.48,0.561,15675.97,2.03,0.041428571428571814
2019-06-23,8.231428571428571,5.43,12.085714285714285,0.9443,0,12.62,0.5621428571428572,14806.19,7.46,-1.7685714285714287
2019-06-30,15.227142857142857,13.08,18.74857142857143,0.0,0,19.1,0.5744285714285714,17878.76,-11.74,5.227142857142857
2019-07-07,7.987142857142857,4.27,11.707142857142857,2.6366,0,16.44,0.5931428571428572,17181.24,-7.38,-2.0128571428571433
2019-07-14,10.947142857142856,7.56,14.598571428571429,0.0,0,24.99,0.6044285714285714,13999.73,12.5,0.9471428571428557
2019-07-21,9.372857142857143,6.08,12.648571428571428,0.9571,0,30.38,0.615,15036.47,6.02,-0.6271428571428572
2019-07-28,9.455714285714285,5.17,12.664285714285715,1.8364,0,27.79,0.6315714285714286,14439.89,9.75,-0.5442857142857154
2019-08-04,14.371428571428572,9.64,17.84,0.0,0,22.52,0.6231428571428571,16187.75,-1.17,4.371428571428572
2019-08-11,16.444285714285716,12.59,19.798571428571428,0.0,0,13.89,0.6215714285714286,14928.77,6.7,6.444285714285716
2019-08-18,17.080000000000002,15.24,20.37714285714286,0.0,0,21.99,0.6404285714285715,15163.83,5.23,7.080000000000002
2019-08-25,11.685714285714285,8.94,15.177142857142856,0.0,0,12.95,0.6648571428571428,16003.71,-0.02,1.685714285714285
2019-09-01,10.608571428571429,6.36,14.221428571428572,0.0,0,15.77,0.6747142857142858,16815.26,-5.1,0.6085714285714285
2019-09-08,11.607142857142858,9.39,14.614285714285714,0.0,0,40.940000000000005,0.6891428571428572,14695.2,8.15,1.6071428571428577
2019-09-15,11.757142857142856,8.27,15.280000000000001,0.0,0,10.54,0.7052857142857142,14774.33,7.66,1.7571428571428562
2019-09-22,15.255714285714285,11.93,18.34714285714286,0.0,0,11.76,0.701,14648.34,8.45,5.255714285714285
2019-09-29,11.79857142857143,8.51,15.008571428571429,0.0,0,11.62,0.7187142857142856,14365.8,10.21,1.7985714285714298
2019-10-06,10.854285714285714,9.08,13.894285714285715,0.0,0,17.56,0.7121428571428571,17149.92,-7.19,0.8542857142857141
2019-10-13,11.472857142857142,8.68,14.687142857142858,0.0,0,31.23,0.7122857142857143,16768.35,-4.8,1.4728571428571424
2019-10-20,10.174285714285714,7.59,13.444285714285714,0.0,0,11.61,0.7007142857142856,14604.59,8.72,0.17428571428571438
2019-10-27,10.501428571428573,9.58,13.921428571428573,0.0,0,13.52,0.6987142857142857,16243.46,-1.52,0.5014285714285727
2019-11-03,8.9,6.41,12.40857142857143,0.6598,0,28.64,0.7042857142857143,18366.14,-14.79,-1.0999999999999996
2019-11-10,9.417142857142858,7.57,12.862857142857143,0.0,0,43.9,0.7198571428571429,18087.2,-13.05,-0.5828571428571419
2019-11-17,6.765714285714286,5.35,10.032857142857143,2.6355,0,10.120000000000001,0.7158571428571429,14656.83,8.39,-3.234285714285714
2019-11-24,10.485714285714286,7.12,14.072857142857142,0.0,0,28.33,0.7242857142857143,14674.01,8.29,0.48571428571428577
2019-12-01,6.538571428571428,4.47,9.915714285714285,4.4563,0,10.66,0.7077142857142856,16315.74,-1.97,-3.4614285714285717
2019-12-08,9.355714285714285,7.51,12.794285714285715,0.0,0,19.48,0.7061428571428571,15230.73,4.81,-0.644285714285715
2019-12-15,9.037142857142857,7.53,12.611428571428572,0.0,0,16.4,0.692,15961.87,0.24,-0.9628571428571426
2019-12-22,11.44,8.48,15.324285714285713,0.0,0,76.56,0.6952857142857143,16682.07,-4.26,1.4399999999999995
2019-12-29,3.764285714285714,0.81,7.578571428571428,17.8092,2,39.28,0.6958571428571428,9851.05,38.43,-6.235714285714286
2020-01-05,9.604285714285714,4.3,13.634285714285713,1.1221,0,12.07,0.6914285714285714,15140.39,5.37,-0.3957142857142859
2020-01-12,9.682857142857143,6.14,13.737142857142857,0.0,0,30.11,0.687142857142857,11540.97,27.87,-0.3171428571428567
2020-01-19,8.702857142857143,3.46,12.982857142857142,2.4289,0,21.36,0.6529999999999999,12351.45,22.8,-1.2971428571428572
2020-01-26,3.9585714285714286,0.92,8.74,12.151800000000001,2,20.72,0.6331428571428572,9311.5,41.8,-6.041428571428572
2020-02-02,7.654285714285714,4.38,11.872857142857143,2.9963,0,7.78,0.6332857142857142,13113.93,18.04,-2.345714285714286
2020-02-09,4.282857142857143,2.2,9.008571428571429,9.4217,0,13.120000000000001,0.6388571428571429,15761.6,1.49,-5.717142857142857
2020-02-16,5.988571428571428,3.31,10.23857142857143,4.3355999999999995,0,37.45,0.623,13967.1,12.71,-4.011428571428572
2020-02-23,11.332857142857142,8.58,15.764285714285714,0.0,0,15.51,0.6222857142857142,14517.81,9.26,1.3328571428571419
2020-03-01,7.181428571428571,4.61,11.808571428571428,0.6458,0,28.27,0.6184285714285714,15231.97,4.8,-2.8185714285714294
2020-03-08,7.961428571428571,6.81,12.56857142857143,0.0,0,25.97,0.5984285714285714,17216.54,-7.6,-2.038571428571429
2020-03-15,9.40857142857143,8.28,13.884285714285713,0.0,0,16.66,0.5877142857142857,14633.35,8.54,-0.5914285714285707
2020-03-22,9.218571428571428,5.5,13.825714285714286,0.0,0,23.84,0.574,16595.09,-3.72,-0.781428571428572
2020-03-29,3.15,0.23,7.788571428571429,17.1195,2,26.91,0.5607142857142857,11043.46,30.98,-6.85
2020-04-05,4.654285714285714,1.84,9.005714285714285,9.8614,1,27.28,0.5315714285714286,12060.8,24.62,-5.345714285714286
2020-04-12,2.3757142857142854,0.21,7.0042857142857144,20.9685,5,41.519999999999996,0.5098571428571429,5024.37,68.6,-7.6242857142857146
2020-04-19,3.7399999999999998,1.31,7.832857142857143,15.1709,1,9.620000000000001,0.4824285714285714,12910.56,19.31,-6.26
2020-04-26,8.292857142857143,4.96,12.687142857142858,0.3444,0,24.84,0.4801428571428571,15092.68,5.67,-1.7071428571428573
2020-05-03,9.362857142857141,6.03,13.661428571428571,0.0,0,13.19,0.4625714285714286,15540.74,2.87,-0.6371428571428588
2020-05-10,12.724285714285713,10.52,17.45714285714286,0.0,0,64.14999999999999,0.45685714285714285,15181.73,5.11,2.7242857142857133
2020-05-17,11.610000000000001,9.06,15.574285714285713,0.0,0,9.7,0.44971428571428573,15621.52,2.37,1.6100000000000012
2020-05-24,8.77142857142857,6.15,12.734285714285715,0.0,0,22.42,0.4217142857142857,16492.64,-3.08,-1.2285714285714295
2020-05-31,8.084285714285715,5.84,12.267142857142858,0.4226,0,32.53,0.3948571428571429,17965.93,-12.29,-1.9157142857142855
2020-06-07,9.18142857142857,7.08,13.512857142857143,0.0,0,3.25,0.37842857142857145,15295.01,4.41,-0.8185714285714294
2020-06-14,10.137142857142859,7.98,14.027142857142858,0.0,0,18.03,0.35928571428571426,18129.0,-13.31,0.1371428571428588
2020-06-21,8.915714285714285,2.99,13.12142857142857,2.0715,0,11.239999999999998,0.36028571428571426,14320.3,10.5,-1.0842857142857145
2020-06-28,11.272857142857143,7.82,15.147142857142857,0.0,0,22.14,0.3445714285714286,15031.76,6.05,1.2728571428571431
2020-07-05,8.555714285714286,5.78,12.178571428571429,0.0,0,19.21,0.31871428571428567,16172.08,-1.08,-1.444285714285714
2020-07-12,9.15857142857143,6.0,12.717142857142857,0.0507,0,13.780000000000001,0.31457142857142856,16307.63,-1.92,-0.8414285714285707
2020-07-19,10.704285714285716,8.01,14.187142857142858,0.0,0,25.779999999999998,0.304,15295.67,4.4,0.7042857142857155
2020-07-26,12.851428571428572,10.02,16.065714285714286,0.0,0,19.68,0.2807142857142857,15346.95,4.08,2.8514285714285723
2020-08-02,14.948571428571428,13.41,18.27285714285714,0.0,0,10.49,0.2578571428571429,15035.61,6.03,4.948571428571428
2020-08-09,15.771428571428572,10.3,18.825714285714287,0.0,0,10.01,0.23385714285714285,14788.09,7.57,5.771428571428572
2020-08-16,16.12857142857143,14.14,19.53,0.0,0,25.06,0.20285714285714285,16415.59,-2.6,6.12857142857143
2020-08-23,11.352857142857143,9.86,14.314285714285715,0.0,0,11.51,0.1802857142857143,16562.03,-3.51,1.3528571428571432
2020-08-30,10.37857142857143,4.93,13.567142857142857,1.0785,0,7.15,0.17557142857142854,15273.09,4.54,0.3785714285714299
2020-09-06,8.868571428571428,5.91,12.301428571428572,0.8219,0,34.480000000000004,0.14985714285714286,16681.29,-4.26,-1.1314285714285717
2020-09-13,10.495714285714286,9.53,13.557142857142855,0.0,0,19.0,0.1325714285714286,16667.7,-4.17,0.49571428571428555
2020-09-20,12.971428571428572,10.91,15.930000000000001,0.0,0,20.38,0.12785714285714286,17234.98,-7.72,2.9714285714285715
2020-09-27,16.57,12.83,19.974285714285713,0.0,0,21.79,0.11057142857142857,17279.47,-8.0,6.57
2020-10-04,10.547142857142857,4.18,13.391428571428573,2.7434,0,18.63,0.06871428571428571,15336.41,4.15,0.5471428571428572
2020-10-11,13.585714285714285,9.22,16.534285714285712,0.0,0,26.97,0.031,15134.05,5.41,3.5857142857142854
2020-10-18,11.31857142857143,7.92,14.862857142857143,0.0,0,41.629999999999995,0.008714285714285714,16510.22,-3.19,1.3185714285714294
2020-10-25,5.905714285714285,3.44,9.09,8.1029,0,38.05,-0.012428571428571428,16275.65,-1.72,-4.094285714285715
2020-11-01,5.115714285714286,1.51,8.868571428571428,12.214,2,17.91,-0.022,11770.71,26.43,-4.884285714285714
2020-11-08,7.9557142857142855,4.38,11.345714285714285,2.1747,0,24.080000000000002,-0.039,16139.95,-0.87,-2.0442857142857145
2020-11-15,4.308571428571429,-0.01,7.634285714285714,16.5651,1,14.48,-0.049999999999999996,14471.32,9.55,-5.691428571428571
2020-11-22,5.364285714285714,2.7,8.425714285714287,11.4392,0,21.0,-0.07271428571428572,15073.49,5.79,-4.635714285714286
2020-11-29,8.247142857142856,5.29,11.945714285714287,0.8888,0,19.93,-0.09857142857142856,16601.59,-3.76,-1.7528571428571436
2020-12-06,8.338571428571429,5.43,11.932857142857143,0.9059999999999999,0,15.67,-0.11957142857142856,15985.07,0.09,-1.661428571428571
2020-12-13,10.025714285714287,8.22,13.982857142857142,0.0,0,24.509999999999998,-0.1444285714285714,15766.72,1.46,0.02571428571428669
2020-12-20,8.171428571428573,6.82,12.092857142857143,0.0,0,7.45,-0.17342857142857143,17213.56,-7.58,-1.8285714285714274
2020-12-27,9.027142857142858,7.13,13.018571428571429,0.0,0,55.18,-0.19628571428571426,17536.6,-9.6,-0.9728571428571424
2021-01-03,8.122857142857143,6.29,12.407142857142857,0.0,0,27.84,-0.212,17667.68,-10.42,-1.8771428571428572
2021-01-10,9.831428571428571,9.07,13.454285714285714,0.0,0,29.5,-0.23414285714285715,18317.03,-14.48,-0.16857142857142904
2021-01-17,11.034285714285714,8.42,15.334285714285715,0.0,0,16.62,-0.24828571428571428,17067.87,-6.67,1.0342857142857138
2021-01-24,8.217142857142857,6.22,12.632857142857144,0.0,0,26.28,-0.2702857142857143,17298.88,-8.12,-1.782857142857143
2021-01-31,7.965714285714285,4.96,12.145714285714286,1.9977000000000003,0,29.79,-0.271,16042.37,-0.26,-2.0342857142857147
2021-02-07,6.685714285714285,3.63,11.122857142857143,2.3739,0,10.690000000000001,-0.281,16282.7,-1.77,-3.314285714285715
2021-02-14,6.785714285714286,4.79,11.077142857142858,2.2668,0,18.43,-0.2978571428571429,15869.17,0.82,-3.2142857142857144
2021-02-21,10.528571428571428,5.58,15.141428571428571,0.0,0,58.199999999999996,-0.3291428571428572,16144.23,-0.9,0.5285714285714285
2021-02-28,2.5714285714285716,-1.61,7.377142857142857,18.3518,2,21.0,-0.347,11619.19,27.38,-7.428571428571429
2021-03-07,8.495714285714286,4.04,13.024285714285714,1.706,0,47.19,-0.3591428571428571,15223.72,4.85,-1.5042857142857144
2021-03-14,10.462857142857144,5.68,14.875714285714285,0.0,0,41.62,-0.37614285714285717,18226.79,-13.92,0.4628571428571444
2021-03-21,5.448571428571428,3.59,9.667142857142858,6.221,0,35.23,-0.40085714285714286,15266.05,4.59,-4.551428571428572
2021-03-28,8.22,5.79,12.981428571428571,0.0,0,27.18,-0.42428571428571427,14450.65,9.68,-1.7799999999999994
2021-04-04,5.765714285714286,1.44,10.604285714285714,3.5059000000000005,1,23.84,-0.4288571428571428,14594.52,8.78,-4.234285714285714
2021-04-11,5.3999999999999995,3.65,9.627142857142857,6.2311,0,14.62,-0.4522857142857143,16731.99,-4.57,-4.6000000000000005
2021-04-18,6.4557142857142855,4.72,10.691428571428572,3.0248999999999997,0,29.89,-0.4625714285714286,17059.56,-6.62,-3.5442857142857145
2021-04-25,6.451428571428571,3.95,10.748571428571427,2.7513,0,9.46,-0.48600000000000004,17112.66,-6.95,-3.548571428571429
2021-05-02,10.430000000000001,5.65,14.797142857142857,0.0,0,23.87,-0.5215714285714286,16591.24,-3.7,0.4300000000000015
2021-05-09,7.590000000000001,6.24,12.361428571428572,0.0,0,12.07,-0.5295714285714286,15189.35,5.07,-2.4099999999999993
2021-05-16,11.06,9.7,15.241428571428571,0.0,0,25.75,-0.526,15726.17,1.71,1.0600000000000005
2021-05-23,7.661428571428572,4.18,11.695714285714287,2.9836,0,43.03,-0.5345714285714286,14810.58,7.43,-2.338571428571428
2021-05-30,9.23,5.0,13.76,0.0,0,42.019999999999996,-0.541,16749.03,-4.68,-0.7699999999999996
2021-06-06,11.84142857142857,6.54,15.744285714285715,0.0,0,7.9,-0.5575714285714286,16160.59,-1.0,1.8414285714285707
2021-06-13,12.219999999999999,6.8,16.22714285714286,0.0,0,16.29,-0.5752857142857142,15081.67,5.74,2.219999999999999
2021-06-20,12.057142857142859,7.84,15.637142857142859,0.0,0,8.58,-0.5768571428571427,15201.09,4.99,2.0571428571428587
2021-06-27,13.034285714285714,10.98,16.771428571428572,0.0,0,13.83,-0.5871428571428571,16136.01,-0.85,3.034285714285714
2021-07-04,11.434285714285712,9.31,15.365714285714287,0.0,0,31.58,-0.5994285714285714,15384.73,3.85,1.4342857142857124
2021-07-11,15.035714285714286,12.68,18.53142857142857,0.0,0,15.690000000000001,-0.6207142857142857,14736.47,7.9,5.0357142857142865
2021-07-18,17.89857142857143,15.57,21.314285714285713,0.0,0,17.55,-0.632,15723.83,1.73,7.8985714285714295
2021-07-25,12.474285714285713,9.2,16.00857142857143,0.0,0,22.509999999999998,-0.6455714285714286,16169.69,-1.06,2.4742857142857133
2021-08-01,9.227142857142857,5.09,12.711428571428572,1.5337,0,19.01,-0.6565714285714286,15337.66,4.14,-0.7728571428571431
2021-08-08,17.5,11.05,21.052857142857142,0.0,0,13.77,-0.6701428571428573,15195.37,5.03,7.5
2021-08-15,10.385714285714286,4.36,13.48857142857143,1.6865,0,36.57,-0.6842857142857143,15773.02,1.42,0.3857142857142861
2021-08-22,10.934285714285712,5.15,14.334285714285715,1.1751,0,52.769999999999996,-0.6814285714285715,14124.78,11.72,0.9342857142857124
2021-08-29,11.557142857142859,9.51,14.432857142857143,0.0,0,22.009999999999998,-0.681,13512.14,15.55,1.5571428571428587
2021-09-05,12.959999999999999,9.29,16.41857142857143,0.0,0,25.78,-0.6834285714285715,14018.33,12.39,2.959999999999999
2021-09-12,12.64,8.34,15.722857142857142,0.0,0,17.330000000000002,-0.6774285714285714,14852.11,7.17,2.6400000000000006
2021-09-19,9.667142857142858,7.48,13.057142857142859,0.0,0,4.84,-0.6808571428571428,15856.54,0.9,-0.33285714285714185
2021-09-26,10.187142857142858,9.23,13.008571428571429,0.0,0,24.8,-0.6914285714285714,17705.87,-10.66,0.18714285714285772
2021-10-03,9.205714285714285,6.94,12.365714285714287,0.1272,0,13.190000000000001,-0.6835714285714286,17786.02,-11.16,-0.7942857142857154
2021-10-10,11.281428571428572,8.98,14.732857142857142,0.0,0,47.69,-0.7,16616.65,-3.85,1.281428571428572
2021-10-17,12.012857142857143,7.3,15.237142857142858,0.0,0,20.17,-0.6934285714285714,16254.67,-1.59,2.0128571428571433
2021-10-24,2.1414285714285715,-1.22,5.002857142857144,34.9771,4,23.83,-0.6981428571428571,4738.51,70.38,-7.8585714285714285
2021-10-31,9.078571428571427,6.78,12.665714285714285,0.0,0,17.240000000000002,-0.7058571428571428,15487.99,3.2,-0.9214285714285726
2021-11-07,11.168571428571429,4.47,14.747142857142858,1.8773,0,47.87,-0.713,15263.63,4.6,1.168571428571429
2021-11-14,8.711428571428572,7.02,11.772857142857143,0.0,0,27.44,-0.6942857142857142,16127.7,-0.8,-1.2885714285714283
2021-11-21,8.074285714285713,4.72,12.02,2.1340000000000003,0,9.11,-0.6818571428571429,14883.4,6.98,-1.925714285714287
2021-11-28,6.7457142857142856,3.53,10.34,4.9754,0,16.23,-0.6714285714285715,15779.46,1.38,-3.2542857142857144
2021-12-05,8.434285714285714,3.36,12.157142857142857,4.7131,0,23.16,-0.6745714285714286,17529.74,-9.56,-1.5657142857142858
2021-12-12,12.028571428571428,8.21,15.709999999999999,0.0,0,26.07,-0.6645714285714286,16738.15,-4.61,2.0285714285714285
2021-12-19,11.215714285714286,8.67,14.97,0.0,0,15.53,-0.6668571428571429,16814.22,-5.09,1.2157142857142862
2021-12-26,8.762857142857143,5.45,12.618571428571428,1.2149,0,24.44,-0.6662857142857144,17091.31,-6.82,-1.2371428571428567
2022-01-02,6.517142857142857,1.68,10.645714285714286,7.570500000000001,1,27.11,-0.6507142857142857,13612.6,14.92,-3.482857142857143
2022-01-09,8.935714285714285,3.15,13.008571428571429,1.5104,0,27.340000000000003,-0.6517142857142858,16165.77,-1.04,-1.064285714285715
2022-01-16,10.127142857142857,6.33,13.941428571428572,0.0,0,21.65,-0.6445714285714287,16147.48,-0.92,0.12714285714285722
2022-01-23,7.528571428571429,4.45,11.545714285714286,2.1627,0,31.209999999999997,-0.6402857142857143,15999.75,0.0,-2.4714285714285706
2022-01-30,9.828571428571427,6.7,14.118571428571428,0.0,0,21.32,-0.6281428571428572,15155.0,5.28,-0.1714285714285726
2022-02-06,7.0371428571428565,4.51,11.561428571428573,1.3494,0,10.74,-0.6204285714285714,15534.46,2.91,-2.9628571428571435
2022-02-13,7.941428571428572,4.41,12.290000000000001,2.3269,0,33.41,-0.6192857142857143,16241.93,-1.51,-2.058571428571428
2022-02-20,8.154285714285715,5.14,12.495714285714286,0.0,0,12.129999999999999,-0.6205714285714287,17939.25,-12.12,-1.8457142857142852
2022-02-27,10.388571428571428,8.14,15.012857142857143,0.0,0,13.8,-0.6221428571428572,18023.79,-12.65,0.3885714285714279
2022-03-06,8.187142857142858,6.09,12.85,0.0,0,36.15,-0.5994285714285714,19494.52,-21.84,-1.8128571428571423
2022-03-13,10.101428571428572,8.63,14.412857142857144,0.0,0,34.61,-0.5888571428571429,16651.72,-4.07,0.10142857142857231
2022-03-20,5.284285714285714,2.15,10.167142857142858,7.6288,0,36.64,-0.5811428571428571,16691.61,-4.32,-4.715714285714286
2022-03-27,9.71142857142857,6.39,14.4,0.0,0,25.41,-0.5802857142857142,16823.04,-5.14,-0.28857142857143003
2022-04-03,2.7542857142857144,-0.61,7.03,21.153000000000002,4,32.84,-0.5621428571428572,10000.12,37.5,-7.2457142857142856
2022-04-10,4.024285714285715,2.04,8.421428571428573,13.155899999999999,0,7.67,-0.5618571428571428,15260.95,4.62,-5.975714285714285
2022-04-17,8.364285714285714,4.57,12.848571428571429,2.1925999999999997,0,44.31,-0.534,14976.6,6.4,-1.6357142857142861
2022-04-24,12.228571428571428,9.8,16.481428571428573,0.0,0,22.53,-0.515,14904.07,6.85,2.2285714285714278
2022-05-01,9.93142857142857,8.02,14.374285714285715,0.0,0,26.61,-0.5101428571428571,12958.16,19.01,-0.0685714285714294
2022-05-08,10.04142857142857,8.4,14.357142857142858,0.0,0,72.74000000000001,-0.47828571428571426,14000.26,12.5,0.04142857142857004
2022-05-15,11.264285714285714,9.84,15.817142857142857,0.0,0,29.970000000000002,-0.4414285714285714,14189.16,11.32,1.2642857142857142
2022-05-22,12.171428571428573,10.55,16.18857142857143,0.0,0,34.57,-0.423,15365.59,3.97,2.1714285714285726
2022-05-29,8.381428571428572,6.08,13.200000000000001,0.0,0,24.18,-0.4147142857142857,16124.62,-0.78,-1.6185714285714283
2022-06-05,11.068571428571428,7.04,15.148571428571428,0.0,0,13.8,-0.4057142857142857,18307.49,-14.42,1.0685714285714276
2022-06-12,14.154285714285715,10.18,18.104285714285712,0.0,0,34.21,-0.37957142857142856,18178.88,-13.62,4.154285714285715
2022-06-19,8.360000000000001,7.15,12.594285714285714,0.0,0,24.27,-0.3742857142857143,16288.21,-1.8,-1.6399999999999988
2022-06-26,13.62142857142857,11.92,17.662857142857142,0.0,0,23.11,-0.3617142857142857,15051.6,5.93,3.62142857142857
2022-07-03,6.92,4.67,10.752857142857142,2.9009,0,5.51,-0.3417142857142857,15916.95,0.52,-3.08
2022-07-10,8.175714285714287,6.24,11.355714285714285,0.0465,0,25.740000000000002,-0.3378571428571429,14485.35,9.47,-1.824285714285713
2022-07-17,11.39,9.94,14.867142857142856,0.0,0,17.59,-0.31442857142857145,17517.94,-9.49,1.3900000000000006
2022-07-24,12.264285714285714,9.19,15.695714285714287,0.0,0,15.22,-0.29442857142857143,18098.4,-13.12,2.2642857142857142
2022-07-31,14.120000000000001,12.57,17.517142857142858,0.0,0,30.88,-0.2774285714285714,16381.27,-2.38,4.120000000000001
2022-08-07,13.444285714285714,10.82,16.687142857142856,0.0,0,30.66,-0.25542857142857145,14115.81,11.78,3.444285714285714
2022-08-14,10.042857142857143,6.89,13.437142857142858,0.0,0,15.64,-0.23385714285714285,16776.76,-4.85,0.042857142857142705
2022-08-21,10.9,7.48,14.152857142857142,0.0,0,25.990000000000002,-0.19985714285714287,16212.09,-1.33,0.9000000000000004
2022-08-28,12.602857142857143,10.49,15.735714285714286,0.0,0,23.36,-0.1702857142857143,17580.82,-9.88,2.602857142857143
2022-09-04,9.138571428571428,6.65,12.77,0.0,0,20.34,-0.14942857142857144,14798.06,7.51,-0.8614285714285721
2022-09-11,14.47857142857143,10.72,18.25,0.0,0,46.230000000000004,-0.12685714285714286,14739.88,7.88,4.4785714285714295
2022-09-18,13.69,12.04,16.821428571428573,0.0,0,21.83,-0.10914285714285714,15439.24,3.5,3.6899999999999995
2022-09-25,9.171428571428573,6.31,12.328571428571427,0.9722,0,8.43,-0.08071428571428571,15721.4,1.74,-0.8285714285714274
2022-10-02,8.705714285714285,4.12,11.768571428571429,3.7539,0,20.82,-0.06557142857142857,15052.65,5.92,-1.2942857142857154
2022-10-09,11.209999999999999,9.5,14.228571428571428,0.0,0,40.59,-0.04828571428571428,16464.7,-2.9,1.209999999999999
2022-10-16,8.197142857142856,5.26,11.085714285714285,3.1828000000000003,0,24.17,-0.039,14657.43,8.39,-1.8028571428571443
2022-10-23,9.4,8.74,12.414285714285715,0.0,0,50.31,-0.009,15346.73,4.08,-0.5999999999999996
2022-10-30,10.168571428571429,8.04,13.461428571428572,0.0,0,52.900000000000006,0.00042857142857142844,15850.13,0.94,0.16857142857142904
2022-11-06,7.925714285714285,2.44,11.228571428571428,3.1176,0,34.59,0.022571428571428572,16271.46,-1.7,-2.0742857142857147
2022-11-13,2.8214285714285716,0.14,6.485714285714286,24.6031,3,25.33,0.046142857142857145,9582.49,40.11,-7.178571428571429
2022-11-20,5.568571428571429,-0.25,9.02142857142857,13.3825,2,21.89,0.052,10377.36,35.14,-4.431428571428571
2022-11-27,10.995714285714286,8.48,14.40857142857143,0.0,0,29.3,0.07671428571428572,13728.77,14.2,0.9957142857142856
2022-12-04,5.668571428571428,2.09,9.288571428571428,8.2585,0,25.180000000000003,0.09957142857142857,15770.16,1.44,-4.331428571428572
2022-12-11,10.037142857142857,7.65,13.81857142857143,0.0,0,26.09,0.1202857142857143,16565.95,-3.54,0.037142857142857366
2022-12-18,6.908571428571428,6.09,10.79857142857143,0.6956,0,15.49,0.1502857142857143,15239.67,4.75,-3.0914285714285716
2022-12-25,8.860000000000001,5.51,12.855714285714285,1.3546,0,15.280000000000001,0.17657142857142857,17365.33,-8.53,-1.1399999999999988
2023-01-01,14.105714285714285,11.93,17.838571428571427,0.0,0,31.95,0.19342857142857145,16736.64,-4.6,4.105714285714285
2023-01-08,9.852857142857143,5.32,13.632857142857143,1.2101,0,10.49,0.22414285714285714,17561.53,-9.76,-0.1471428571428568
2023-01-15,4.717142857142858,3.12,8.860000000000001,8.6258,0,18.95,0.25214285714285717,16006.04,-0.04,-5.282857142857142
2023-01-22,10.302857142857144,4.9,14.968571428571428,0.5459,0,28.68,0.28528571428571425,18656.06,-16.6,0.30285714285714427
2023-01-29,8.18142857142857,6.3,12.157142857142857,0.0,0,10.59,0.30557142857142855,19216.2,-20.1,-1.8185714285714294
2023-02-05,6.1414285714285715,3.37,10.462857142857143,3.5691,0,37.65,0.32085714285714284,16735.15,-4.59,-3.8585714285714285
2023-02-12,8.085714285714285,6.29,12.39857142857143,0.0,0,21.69,0.3252857142857143,17524.68,-9.53,-1.9142857142857146
2023-02-19,7.472857142857143,5.29,11.998571428571427,0.6216,0,58.97,0.34142857142857147,17290.69,-8.07,-2.5271428571428567
2023-02-26,10.540000000000001,7.85,15.0,0.0,0,20.8,0.368,18118.33,-13.24,0.5400000000000009
2023-03-05,9.498571428571429,7.86,14.20142857142857,0.0,0,30.25,0.3901428571428571,15660.62,2.12,-0.5014285714285709
2023-03-12,10.212857142857143,8.86,14.45,0.0,0,25.64,0.399,16536.48,-3.35,0.21285714285714263
2023-03-19,7.667142857142857,4.57,12.285714285714286,0.8249,0,31.11,0.40885714285714286,17303.82,-8.15,-2.3328571428571427
2023-03-26,5.168571428571428,3.34,9.747142857142858,5.3405000000000005,0,11.79,0.43014285714285716,13906.15,13.09,-4.831428571428572
2023-04-02,5.131428571428572,2.79,9.581428571428571,4.569999999999999,0,19.060000000000002,0.4461428571428572,13302.13,16.86,-4.868571428571428
2023-04-09,7.664285714285714,6.2,12.197142857142856,0.0,0,22.560000000000002,0.46728571428571425,12353.77,22.79,-2.3357142857142863
2023-04-16,4.677142857142857,3.31,9.35142857142857,5.556,0,44.61,0.4827142857142857,13400.19,16.25,-5.322857142857143
2023-04-23,10.081428571428571,5.96,14.208571428571428,0.846,0,38.7,0.505,15659.07,2.13,0.08142857142857096
2023-04-30,10.275714285714287,6.91,14.857142857142858,0.0,0,17.439999999999998,0.518,17507.32,-9.42,0.2757142857142867
2023-05-07,6.335714285714286,3.45,10.801428571428572,4.5577,0,39.300000000000004,0.5245714285714286,16204.92,-1.28,-3.6642857142857137
2023-05-14,10.85,4.81,14.875714285714285,0.9527,0,45.91,0.5394285714285715,17957.88,-12.24,0.8499999999999996
2023-05-21,4.017142857142857,0.77,8.484285714285715,12.988100000000001,1,22.67,0.5495714285714286,12173.28,23.92,-5.982857142857143
2023-05-28,10.327142857142857,6.63,14.428571428571429,0.0,0,30.56,0.5661428571428572,13349.41,16.57,0.3271428571428565
2023-06-04,14.812857142857142,12.88,19.002857142857145,0.0,0,14.94,0.5767142857142857,14547.41,9.08,4.812857142857142
2023-06-11,12.31142857142857,9.2,16.31,0.0,0,16.71,0.5827142857142856,15613.3,2.42,2.3114285714285696
2023-06-18,13.612857142857143,9.79,17.181428571428572,0.0,0,23.909999999999997,0.5957142857142858,15586.65,2.58,3.612857142857143
2023-06-25,13.231428571428571,9.21,17.10571428571429,0.0,0,27.11,0.6144285714285714,13125.25,17.97,3.2314285714285713
2023-07-02,10.822857142857144,6.03,14.687142857142858,0.0,0,22.19,0.6301428571428571,14387.23,10.08,0.8228571428571438
2023-07-09,11.251428571428571,9.57,14.680000000000001,0.0,0,10.78,0.6397142857142857,13495.2,15.65,1.251428571428571
2023-07-16,8.381428571428572,4.87,12.294285714285715,1.0113,0,16.830000000000002,0.6385714285714286,15380.07,3.87,-1.6185714285714283
2023-07-23,13.111428571428572,11.46,16.685714285714287,0.0,0,21.76,0.6485714285714286,15982.9,0.11,3.111428571428572
2023-07-30,15.902857142857142,12.97,19.16142857142857,0.0,0,45.040000000000006,0.6514285714285715,14648.71,8.45,5.902857142857142
2023-08-06,13.218571428571428,9.73,16.61714285714286,0.0,0,51.160000000000004,0.6722857142857144,14547.79,9.08,3.218571428571428
2023-08-13,12.207142857142857,10.19,15.562857142857142,0.0,0,20.959999999999997,0.6824285714285715,13847.51,13.45,2.2071428571428573
2023-08-20,11.040000000000001,7.75,13.965714285714284,0.0,0,42.28,0.6778571428571428,14733.71,7.91,1.040000000000001
2023-08-27,9.784285714285716,7.71,12.847142857142858,0.0,0,40.69,0.691,16344.76,-2.15,-0.21571428571428442
2023-09-03,9.049999999999999,7.34,12.132857142857144,0.2689,0,26.88,0.6941428571428572,14719.5,8.0,-0.9500000000000011
2023-09-10,11.485714285714286,8.45,14.294285714285715,0.0,0,35.44,0.687,15814.13,1.16,1.4857142857142858
2023-09-17,7.964285714285714,6.01,11.037142857142857,2.2853,0,14.21,0.7008571428571428,14850.78,7.18,-2.0357142857142856
2023-09-24,9.535714285714286,6.58,12.862857142857141,0.0,0,26.23,0.7342857142857142,14367.47,10.2,-0.4642857142857135
2023-10-01,16.102857142857143,14.2,19.33285714285714,0.0,0,11.73,0.7624285714285713,14877.73,7.01,6.102857142857143
2023-10-08,11.852857142857143,7.12,15.375714285714285,0.0,0,10.76,0.7452857142857142,14011.37,12.43,1.8528571428571432
2023-10-15,8.838571428571429,7.44,12.022857142857143,0.0,0,28.869999999999997,0.7537142857142857,14189.74,11.31,-1.161428571428571
2023-10-22,8.912857142857144,6.72,12.405714285714286,0.0,0,18.92,0.7435714285714285,13505.29,15.59,-1.0871428571428563
2023-10-29,9.564285714285715,5.66,13.058571428571428,0.0,0,11.57,0.7497142857142858,16985.99,-6.16,-0.43571428571428505
2023-11-05,7.497142857142857,2.82,10.96142857142857,7.803,0,29.9,0.744,15578.78,2.63,-2.5028571428571427
2023-11-12,11.914285714285715,7.2,15.37142857142857,0.0,0,6.12,0.7497142857142858,15020.3,6.12,1.9142857142857146
2023-11-19,7.438571428571429,4.29,10.991428571428571,4.3181,0,27.009999999999998,0.7374285714285714,15208.84,4.94,-2.5614285714285714
2023-11-26,9.955714285714285,8.76,13.37142857142857,0.0,0,16.62,0.72,15441.46,3.49,-0.04428571428571537
2023-12-03,9.102857142857143,4.7,12.302857142857144,1.1967999999999999,0,21.990000000000002,0.7128571428571429,15148.45,5.32,-0.8971428571428568
2023-12-10,9.27,8.03,12.768571428571429,0.0,0,22.07,0.7087142857142856,16166.82,-1.04,-0.7300000000000004
2023-12-17,6.359999999999999,2.45,10.215714285714286,5.4076,0,20.33,0.712,16288.59,-1.8,-3.6400000000000006
2023-12-24,12.204285714285716,7.02,16.001428571428573,0.0,0,29.39,0.7004285714285714,15472.09,3.3,2.2042857142857155
2023-12-31,8.327142857142857,7.08,12.781428571428572,0.0,0,44.2,0.6917142857142856,14845.54,7.22,-1.6728571428571435
2024-01-07,7.375714285714286,5.29,11.15,1.7614,0,34.39,0.6805714285714286,14779.13,7.63,-2.6242857142857137
2024-01-14,11.484285714285715,9.76,15.111428571428572,0.0,0,16.06,0.6588571428571429,12544.12,21.6,1.4842857142857149
2024-01-21,7.3185714285714285,2.9,11.545714285714284,3.94,0,23.47,0.6411428571428572,12084.93,24.47,-2.6814285714285715
2024-01-28,5.557142857142857,2.74,9.42,8.898,0,66.38000000000001,0.6401428571428571,15061.87,5.86,-4.442857142857143
2024-02-04,2.422857142857143,-0.77,6.687142857142858,23.1874,2,15.600000000000001,0.6434285714285715,12108.0,24.32,-7.5771428571428565
2024-02-11,5.721428571428571,3.21,9.874285714285715,3.6773999999999996,0,15.84,0.6467142857142857,15929.79,0.44,-4.278571428571429
2024-02-18,8.014285714285714,1.34,12.292857142857143,3.4788,1,26.8,0.6355714285714286,14498.51,9.38,-1.9857142857142858
2024-02-25,2.882857142857143,-2.09,7.642857142857143,17.93,2,15.24,0.6238571428571429,11314.13,29.29,-7.117142857142857
2024-03-03,4.115714285714286,0.07,8.765714285714285,12.179,1,23.41,0.623,16851.27,-5.32,-5.884285714285714
2024-03-10,8.248571428571429,6.88,12.991428571428571,0.0,0,54.7,0.6172857142857142,18800.24,-17.5,-1.751428571428571
2024-03-17,7.325714285714286,5.47,12.01,0.0,0,8.82,0.6081428571428571,16908.39,-5.68,-2.6742857142857144
2024-03-24,8.842857142857143,5.48,13.045714285714284,0.4804,0,30.64,0.5821428571428571,15036.21,6.02,-1.1571428571428566
2024-03-31,12.465714285714286,9.25,16.924285714285713,0.0,0,7.970000000000001,0.5665714285714285,13474.17,15.79,2.465714285714286
2024-04-07,8.547142857142857,6.72,13.088571428571429,0.0,0,35.62,0.5599999999999999,14924.51,6.72,-1.4528571428571428
2024-04-14,3.31,1.03,8.074285714285713,13.4899,2,34.88,0.5492857142857143,9683.39,39.48,-6.6899999999999995
2024-04-21,10.737142857142857,8.08,15.178571428571429,0.0,0,20.74,0.552,13403.92,16.23,0.7371428571428567
2024-04-28,7.9957142857142856,4.51,12.322857142857142,0.8193,0,5.21,0.5532857142857143,13803.3,13.73,-2.0042857142857144
2024-05-05,7.612857142857143,4.43,11.978571428571428,0.0,0,13.28,0.5391428571428571,13570.87,15.18,-2.387142857142857
2024-05-12,7.482857142857143,4.72,11.54857142857143,1.4617,0,16.46,0.5297142857142857,16634.96,-3.97,-2.517142857142857
2024-05-19,8.952857142857143,7.56,13.284285714285714,0.0,0,35.42,0.523,17228.83,-7.68,-1.0471428571428572
2024-05-26,8.955714285714285,7.81,13.107142857142858,0.0,0,14.98,0.49457142857142855,16387.87,-2.42,-1.0442857142857154
2024-06-02,12.852857142857143,7.32,16.824285714285715,0.0,0,55.32,0.4657142857142857,17804.58,-11.28,2.852857142857143
2024-06-09,7.191428571428572,3.13,11.218571428571428,3.0132000000000003,0,36.4,0.44885714285714284,16505.21,-3.16,-2.808571428571428
2024-06-16,12.15857142857143,10.42,16.455714285714286,0.0,0,20.65,0.4188571428571429,15178.94,5.13,2.1585714285714293
2024-06-23,12.535714285714286,10.4,16.19,0.0,0,10.66,0.3854285714285714,17340.1,-8.38,2.5357142857142865
2024-06-30,12.90857142857143,5.9,16.771428571428572,0.0,0,29.259999999999998,0.37071428571428566,17131.38,-7.07,2.9085714285714293
2024-07-07,13.857142857142858,12.25,17.751428571428573,0.0,0,27.67,0.35300000000000004,15152.72,5.3,3.8571428571428577
2024-07-14,10.915714285714285,8.36,14.478571428571428,0.0,0,15.190000000000001,0.32542857142857146,15290.37,4.44,0.9157142857142855
2024-07-21,13.991428571428571,8.28,17.728571428571428,0.0,0,18.14,0.31,14531.79,9.18,3.991428571428571
2024-07-28,13.698571428571428,8.84,17.36857142857143,0.0,0,5.93,0.2998571428571428,13583.73,15.1,3.6985714285714284
2024-08-04,9.357142857142858,5.87,12.728571428571428,0.5589,0,10.91,0.2724285714285714,15894.09,0.66,-0.6428571428571423
2024-08-11,11.287142857142857,8.11,14.64,0.0,0,35.29,0.238,18195.77,-13.72,1.2871428571428574
2024-08-18,12.992857142857144,9.5,16.44,0.0,0,7.430000000000001,0.22028571428571428,15241.91,4.74,2.9928571428571438
2024-08-25,13.69,10.39,16.70714285714286,0.0,0,4.25,0.204,16271.5,-1.7,3.6899999999999995
2024-09-01,11.332857142857142,8.2,14.695714285714287,0.0,0,7.85,0.17585714285714285,15290.97,4.43,1.3328571428571419
2024-09-08,8.285714285714286,5.05,11.852857142857143,1.8481,0,27.1,0.15942857142857145,14891.12,6.93,-1.7142857142857135
2024-09-15,9.717142857142857,7.65,13.074285714285713,0.0,0,31.45,0.12471428571428571,14829.04,7.32,-0.2828571428571429
2024-09-22,12.321428571428571,11.48,15.274285714285714,0.0,0,3.98,0.09257142857142857,14414.41,9.91,2.321428571428571
2024-09-29,9.641428571428571,6.23,12.84,0.1912,0,29.5,0.07071428571428572,15311.02,4.31,-0.35857142857142854
2024-10-06,10.161428571428571,8.7,13.381428571428572,0.0,0,14.69,0.05671428571428572,14685.2,8.22,0.16142857142857103
2024-10-13,7.855714285714285,4.14,11.069999999999999,4.6459,0,28.240000000000002,0.02114285714285714,15340.61,4.12,-2.144285714285715
2024-10-20,6.834285714285714,2.14,9.780000000000001,9.8627,0,31.36,-0.0005714285714285715,14988.07,6.32,-3.1657142857142864
2024-10-27,7.3100000000000005,4.74,10.724285714285713,3.0083,0,21.32,-0.011285714285714286,15379.44,3.88,-2.6899999999999995
2024-11-03,8.635714285714286,5.37,12.172857142857143,1.3282,0,9.73,-0.027285714285714285,14633.84,8.54,-1.3642857142857139
2024-11-10,10.04857142857143,7.05,13.34,0.0,0,10.0,-0.04442857142857143,14743.91,7.85,0.04857142857142982
2024-11-17,7.675714285714286,5.87,11.182857142857143,0.7444,0,38.39,-0.064,16277.95,-1.74,-2.324285714285714
2024-11-24,7.944285714285714,5.8,11.280000000000001,0.7656,0,26.880000000000003,-0.088,16689.58,-4.31,-2.055714285714286
2024-12-01,5.961428571428572,4.24,9.215714285714286,8.4389,0,22.68,-0.11042857142857143,14449.22,9.69,-4.038571428571428
2024-12-08,8.141428571428571,2.17,11.629999999999999,6.3290999999999995,0,19.61,-0.10585714285714286,15206.16,4.96,-1.8585714285714285
2024-12-15,10.385714285714286,8.57,13.935714285714285,0.0,0,41.61,-0.13214285714285715,16786.53,-4.92,0.3857142857142861
2024-12-22,12.368571428571428,7.34,15.627142857142857,0.0,0,32.08,-0.15714285714285717,14350.65,10.31,2.3685714285714283
2024-12-29,10.834285714285715,7.62,14.491428571428571,0.0,0,34.16,-0.1682857142857143,15909.82,0.56,0.8342857142857145
2025-01-05,6.23,5.59,9.435,1.2568,0,10.719999999999999,-0.201,15057.44,5.89,-3.7699999999999996
